单词,频率,是否在词库
students,71,NO
following,67,NO
directions,65,NO
children,63,NO
because,58,YES
according,53,NO
section,49,YES
paragraph,42,NO
american,42,NO
workers,39,NO
college,38,NO
reading,35,YES
parents,31,NO
different,30,YES
writing,30,NO
government,30,NO
between,29,YES
working,28,NO
percent,27,YES
companies,27,NO
through,27,YES
economic,27,YES
homework,27,NO
generation,27,YES
instead,25,YES
without,25,YES
housing,25,NO
federal,24,NO
questions,24,NO
university,24,YES
translation,24,YES
business,24,YES
important,24,NO
answers,23,NO
average,23,NO
problem,23,YES
against,23,NO
something,23,NO
another,22,YES
happiness,22,YES
research,21,YES
example,21,NO
history,20,YES
outside,20,YES
corporate,20,NO
numbered,19,NO
choosing,19,NO
conversation,19,YES
education,19,YES
information,19,YES
balance,19,YES
everyone,18,YES
themselves,18,YES
whether,18,YES
countries,18,NO
economy,18,YES
english,17,NO
products,17,NO
newspapers,17,NO
recession,17,YES
manufacturing,17,NO
attention,17,YES
spending,16,NO
researchers,16,NO
digital,16,NO
society,16,YES
landscape,16,YES
professor,16,YES
suggests,15,NO
quickly,15,NO
industry,15,YES
community,15,YES
approach,15,YES
increase,15,NO
comments,15,NO
believe,15,YES
greater,15,NO
however,15,YES
employment,15,YES
national,14,NO
generally,14,YES
learned,14,NO
decision,14,YES
actually,14,NO
success,14,YES
million,13,NO
significant,13,YES
financial,13,NO
americans,13,NO
science,13,YES
chinese,13,NO
address,13,YES
computer,13,YES
governments,13,NO
remember,13,YES
getting,13,NO
patents,13,NO
opportunities,13,NO
technology,13,YES
facebook,13,NO
possible,12,YES
probably,12,NO
consumers,12,NO
thinking,12,YES
results,12,NO
negative,12,YES
formation,12,NO
america,12,NO
popular,12,YES
insurance,12,YES
compared,12,NO
directors,12,NO
members,12,NO
competition,12,YES
considered,12,NO
believes,12,NO
emotional,12,NO
problems,11,NO
comprehension,11,YES
century,11,NO
particularly,11,NO
designed,11,NO
recently,11,NO
positive,11,YES
educational,11,NO
development,11,YES
control,11,NO
country,11,NO
translate,11,YES
meaning,11,YES
increasingly,11,NO
usually,11,YES
obesity,11,NO
workplace,11,NO
especially,11,NO
suppose,11,YES
studies,11,NO
machines,11,NO
electronic,11,NO
friends,11,NO
forests,11,NO
several,10,YES
political,10,YES
focused,10,NO
attitude,10,NO
aircraft,10,NO
efficiency,10,YES
california,10,NO
personal,10,YES
interpret,10,YES
businesses,10,NO
european,10,NO
efforts,10,NO
effective,10,YES
thought,10,YES
someone,10,YES
suitable,10,YES
looking,10,NO
individual,10,YES
authors,10,NO
ability,10,YES
serious,10,YES
emotions,10,NO
present,10,YES
younger,10,NO
training,10,NO
healthy,9,YES
available,9,YES
already,9,NO
although,9,YES
support,9,YES
influence,9,YES
pressure,9,NO
advertising,9,NO
certain,9,NO
require,9,YES
experience,9,NO
efficient,9,YES
security,9,YES
voluntary,9,YES
services,9,NO
improve,9,NO
president,9,YES
readers,9,NO
details,9,NO
choices,9,NO
academic,9,YES
culture,9,NO
perhaps,9,YES
advance,9,YES
universities,9,NO
immigration,9,NO
decisions,9,NO
management,9,NO
sometimes,9,YES
becomes,9,NO
machine,9,NO
changing,9,NO
activities,9,NO
climate,9,NO
opinions,9,NO
concept,8,YES
concerned,8,NO
billion,8,NO
together,8,YES
current,8,NO
special,8,YES
fashion,8,NO
factors,8,NO
decline,8,YES
creating,8,NO
decades,8,NO
started,8,NO
company,8,YES
selection,8,YES
service,8,NO
conditions,8,NO
defined,8,NO
internet,8,NO
complete,8,NO
threatened,8,NO
foreign,8,YES
failure,8,YES
schools,8,NO
leading,8,YES
manufacturers,8,NO
product,8,YES
responsibility,8,NO
environment,8,YES
achievement,8,YES
concern,8,YES
graduating,8,NO
learning,8,YES
feeling,8,YES
employers,8,NO
provide,8,YES
benefit,8,YES
yourself,8,YES
everything,8,YES
experiment,8,NO
meeting,7,YES
britain,7,NO
general,7,YES
numbers,7,NO
involved,7,NO
earlier,7,NO
passion,7,YES
industries,7,NO
mentioned,7,NO
appropriate,7,YES
nothing,7,NO
marriage,7,YES
account,7,YES
customers,7,NO
private,7,NO
corporations,7,NO
concerns,7,NO
including,7,NO
limited,7,YES
opinion,7,YES
increased,7,NO
contrast,7,YES
findings,7,NO
promote,7,YES
desperate,7,YES
developing,7,NO
physical,7,YES
otherwise,7,YES
inferred,7,NO
critical,7,NO
measures,7,NO
becoming,7,NO
situation,7,YES
associated,7,NO
chicago,7,NO
overall,7,YES
project,7,YES
population,7,YES
potential,7,YES
department,7,YES
surprising,7,YES
maintain,7,YES
advances,7,NO
marketing,7,YES
psychological,7,YES
continue,7,YES
despite,7,YES
difficult,7,NO
tolerant,7,YES
immigrants,7,NO
successful,7,YES
understanding,7,YES
challenges,7,NO
opportunity,7,YES
managing,7,NO
requires,7,NO
regular,7,YES
understand,7,YES
capacity,7,YES
policies,7,NO
planning,7,NO
process,7,YES
british,7,NO
obamacare,7,NO
relationship,7,YES
radesky,7,NO
curiosity,7,YES
weighing,7,NO
plastic,7,NO
plastics,7,NO
experts,6,NO
director,6,YES
reported,6,NO
expectations,6,NO
followed,6,NO
categories,6,NO
interest,6,NO
finally,6,YES
husbands,6,NO
communication,6,YES
talking,6,NO
regularly,6,NO
essential,6,YES
scientists,6,NO
further,6,NO
character,6,YES
supreme,6,YES
discrimination,6,NO
practice,6,YES
included,6,NO
perform,6,YES
tradition,6,NO
occasionally,6,NO
positions,6,NO
happens,6,NO
program,6,YES
offered,6,NO
specific,6,YES
systems,6,NO
identities,6,NO
suggest,6,YES
divided,6,NO
failing,6,NO
cooperation,6,NO
sources,6,NO
revolution,6,NO
largely,6,YES
related,6,YES
natural,6,YES
question,6,YES
towards,6,NO
necessary,6,NO
willing,6,YES
setting,6,NO
teachers,6,NO
evidence,6,YES
practical,6,YES
growing,6,NO
benefits,6,NO
classes,6,NO
struggle,6,YES
graduates,6,NO
purpose,6,YES
solution,6,YES
payments,6,NO
therefore,6,YES
rapidly,6,NO
passage,6,YES
imagine,6,YES
optimistic,6,YES
particular,6,YES
governance,6,NO
chicken,6,NO
overweight,6,NO
strategies,6,NO
photograph,6,NO
replace,6,YES
affordable,6,NO
protect,6,YES
investment,6,NO
flatiron,6,NO
expected,6,NO
prairie,6,NO
western,6,YES
habitat,6,YES
environmental,6,NO
changes,6,NO
starting,6,NO
millennials,6,NO
koziatek,6,NO
sympathy,6,YES
australia,5,NO
majority,5,YES
experiencing,5,NO
medical,5,NO
reality,5,YES
phenomenon,5,YES
reliable,5,YES
beautiful,5,YES
forever,5,YES
stopped,5,NO
executive,5,YES
divorce,5,YES
confidence,5,YES
chances,5,NO
newspaper,5,YES
importance,5,YES
reasons,5,NO
automatic,5,YES
response,5,YES
finding,5,YES
introduce,5,NO
consumer,5,YES
improving,5,NO
experiments,5,NO
unhealthy,5,NO
changed,5,NO
citizens,5,NO
provided,5,YES
include,5,YES
supposed,5,NO
difference,5,YES
suggested,5,NO
consumed,5,NO
consideration,5,YES
comfortable,5,NO
regulations,5,NO
possibility,5,YES
remains,5,NO
military,5,YES
announced,5,NO
painful,5,YES
identity,5,YES
infrastructure,5,NO
discover,5,YES
disappointed,5,NO
eventually,5,NO
simmons,5,NO
leaving,5,NO
executives,5,NO
attractive,5,YES
whatever,5,YES
soldiers,5,NO
building,5,NO
families,5,NO
clothes,5,YES
inevitable,5,YES
devices,5,NO
friendly,5,YES
stronger,5,NO
fitness,5,NO
animals,5,NO
achieve,5,YES
courses,5,NO
eliminate,5,YES
explain,5,NO
temporarily,5,NO
unemployment,5,NO
explore,5,YES
experienced,5,NO
employees,5,NO
historical,5,YES
passing,5,NO
interested,5,NO
valuable,5,YES
himself,5,NO
attract,5,YES
payment,5,YES
automation,5,YES
effects,5,NO
aspects,5,NO
psychologists,5,NO
minutes,5,NO
constant,5,YES
experiences,5,NO
anxious,5,YES
happier,5,NO
ourselves,5,YES
picture,5,YES
closest,5,NO
respond,5,YES
typical,5,YES
relatively,5,NO
lecture,5,YES
lessons,5,NO
screens,5,NO
message,5,NO
colleagues,5,NO
colleges,5,NO
knowledge,5,NO
involuntary,5,NO
challenging,5,NO
creative,5,YES
species,5,YES
landowners,5,NO
agencies,5,NO
shortage,5,YES
parkrun,5,NO
tronick,5,NO
wildfires,5,NO
factory,5,YES
workforce,5,NO
insects,5,NO
vehicles,5,NO
epidemic,4,YES
authorities,4,NO
weather,4,YES
officials,4,NO
virtually,4,NO
disease,4,NO
progress,4,YES
absence,4,YES
enormous,4,YES
examples,4,NO
patterns,4,NO
released,4,NO
placing,4,NO
contemporary,4,YES
japanese,4,NO
deliver,4,YES
auctions,4,NO
statements,4,NO
shifted,4,NO
invited,4,NO
scientist,4,YES
reports,4,NO
millions,4,NO
represents,4,NO
sharing,4,NO
context,4,YES
immediately,4,NO
detailed,4,NO
behaviors,4,NO
dollars,4,NO
automatically,4,NO
chewing,4,NO
multiple,4,YES
production,4,YES
putting,4,NO
succeed,4,YES
psychologist,4,NO
developed,4,NO
behavior,4,NO
democratic,4,YES
principles,4,NO
representative,4,YES
entitled,4,NO
procedures,4,NO
selecting,4,NO
required,4,NO
imposed,4,NO
consider,4,YES
certainly,4,NO
emissions,4,NO
perception,4,NO
departure,4,YES
routine,4,YES
projects,4,NO
reducing,4,NO
express,4,YES
privacy,4,NO
thriving,4,NO
patience,4,YES
disagree,4,YES
falling,4,NO
surprise,4,YES
increases,4,NO
performance,4,YES
incentives,4,NO
records,4,NO
commission,4,YES
struggling,4,NO
architecture,4,YES
elegance,4,NO
employed,4,NO
materials,4,NO
desirable,4,NO
strange,4,YES
currency,4,YES
dominant,4,YES
germany,4,NO
involve,4,YES
figures,4,NO
proposed,4,NO
demands,4,NO
restrict,4,YES
mcdonald,4,NO
stephenson,4,NO
campaign,4,YES
behaviour,4,NO
contribute,4,YES
strengthen,4,YES
roughly,4,NO
powerful,4,YES
computers,4,NO
shelter,4,YES
fighting,4,NO
appears,4,NO
brought,4,NO
unified,4,NO
district,4,NO
matters,4,NO
imagination,4,YES
interests,4,NO
assumed,4,NO
tendency,4,YES
genetic,4,YES
unlikely,4,YES
interactions,4,NO
supportive,4,NO
jobless,4,NO
financially,4,NO
respects,4,NO
weakness,4,YES
degrees,4,NO
socially,4,NO
challenge,4,YES
lifestyle,4,NO
carlyle,4,NO
patient,4,YES
convinced,4,NO
existing,4,NO
circumstances,4,NO
artists,4,NO
reverse,4,YES
sensitive,4,YES
article,4,NO
previous,4,YES
technological,4,NO
employee,4,NO
illegal,4,YES
participants,4,NO
recognition,4,NO
mistake,4,YES
dangerous,4,YES
completely,4,NO
shopping,4,YES
professional,4,YES
sufficient,4,YES
purchase,4,YES
quality,4,YES
underestimate,4,YES
traditional,4,NO
brynjolfsson,4,NO
conducted,4,NO
exercise,4,YES
practices,4,NO
communities,4,NO
flexibility,4,NO
involves,4,NO
relieve,4,YES
gallery,4,NO
perfect,4,NO
harvard,4,NO
measured,4,NO
household,4,YES
paragraphs,4,NO
thoughts,4,NO
differently,4,NO
cortina,4,NO
wildlife,4,NO
decided,4,NO
promise,4,YES
distractions,4,NO
generations,4,NO
schneider,4,NO
wellbeing,4,NO
thousands,4,NO
necessarily,4,YES
olympic,4,NO
produce,4,YES
opposition,4,YES
renewable,4,NO
whatsapp,4,NO
newport,4,NO
features,4,NO
agricultural,4,NO
laborers,4,NO
homebuying,4,NO
signals,4,NO
asocial,4,NO
trapped,4,NO
coworkers,4,NO
organization,3,YES
elsewhere,3,NO
overwhelming,3,YES
vaccine,3,NO
appointed,3,NO
moderate,3,YES
presence,3,YES
excessive,3,YES
innovative,3,NO
introduced,3,NO
momentum,3,NO
biggest,3,NO
interviewed,3,NO
highest,3,NO
collection,3,YES
various,3,YES
artwork,3,NO
virginia,3,NO
throughout,3,YES
evening,3,NO
frequently,3,NO
offering,3,NO
complain,3,NO
situations,3,NO
pattern,3,YES
observed,3,NO
complaints,3,NO
careers,3,NO
housework,3,NO
judging,3,NO
fundamental,3,YES
colgate,3,NO
moisturizers,3,NO
morning,3,YES
observation,3,NO
emerged,3,NO
scientific,3,YES
indifferent,3,YES
crucial,3,YES
minimal,3,NO
equally,3,NO
selected,3,NO
personally,3,NO
congress,3,NO
requirements,3,NO
characteristics,3,NO
statement,3,NO
airlines,3,NO
applied,3,YES
passenger,3,YES
passengers,3,NO
display,3,YES
satisfy,3,YES
traffic,3,NO
international,3,NO
organisation,3,NO
advanced,3,YES
programme,3,NO
clearly,3,NO
everyday,3,YES
selling,3,NO
ceiling,3,NO
cultural,3,NO
anonymity,3,NO
freedom,3,YES
schmidt,3,NO
trusted,3,NO
registered,3,NO
establish,3,YES
described,3,NO
individuals,3,NO
initiative,3,YES
identify,3,YES
interference,3,YES
equivalent,3,YES
tolerance,3,YES
indifference,3,NO
vulnerable,3,YES
allowed,3,NO
apparently,3,NO
criticism,3,NO
compensation,3,YES
earnings,3,YES
smaller,3,NO
gaining,3,NO
profits,3,NO
generous,3,YES
happened,3,NO
discussions,3,NO
pushing,3,NO
journalists,3,NO
suburbs,3,NO
balanced,3,NO
revenues,3,NO
surprisingly,3,NO
everybody,3,YES
bureaus,3,NO
indicates,3,NO
neglected,3,NO
affected,3,NO
depression,3,YES
positively,3,NO
properly,3,NO
believed,3,NO
architects,3,NO
presentation,3,NO
mechanical,3,NO
reliant,3,NO
ignored,3,NO
greatest,3,NO
markets,3,NO
economies,3,NO
harmonisation,3,NO
threats,3,NO
councils,3,NO
internal,3,YES
ambitious,3,YES
handling,3,NO
implies,3,NO
doctors,3,NO
ministers,3,NO
lansley,3,NO
producers,3,NO
drinking,3,NO
restrictions,3,NO
association,3,YES
hospitals,3,NO
exactly,3,NO
centres,3,NO
providers,3,NO
prepared,3,NO
burdens,3,NO
trained,3,NO
enemies,3,NO
facilities,3,NO
contrary,3,YES
unfortunately,3,NO
exception,3,YES
unclear,3,NO
expensive,3,NO
standards,3,NO
schooling,3,NO
meanwhile,3,YES
preferences,3,NO
connection,3,YES
associate,3,YES
colours,3,NO
version,3,YES
childhood,3,NO
clothing,3,YES
shoppers,3,NO
accepted,3,NO
previously,3,NO
influenced,3,NO
interpreted,3,NO
isolated,3,NO
patented,3,NO
appeals,3,NO
justice,3,YES
determine,3,YES
predict,3,YES
explains,3,NO
determined,3,YES
warning,3,YES
patenting,3,NO
drawing,3,YES
objective,3,YES
reshape,3,NO
extremely,3,NO
uncertain,3,NO
consequences,3,NO
friedman,3,NO
lengthy,3,NO
immigrant,3,YES
sentiment,3,YES
inequality,3,NO
destructive,3,YES
literary,3,YES
petrarch,3,NO
fortune,3,YES
engineers,3,NO
accomplish,3,YES
biographies,3,NO
imitate,3,NO
appreciate,3,YES
relations,3,NO
directly,3,NO
alongside,3,NO
prospect,3,YES
educated,3,NO
factories,3,NO
cashless,3,NO
dishonest,3,NO
contains,3,NO
productive,3,YES
similar,3,NO
original,3,YES
davidson,3,NO
appeared,3,NO
globalization,3,NO
accelerate,3,YES
construction,3,NO
sociable,3,YES
reaction,3,YES
stimuli,3,NO
interpersonal,3,NO
screeners,3,NO
reactions,3,NO
urgency,3,NO
impulsive,3,NO
legislation,3,NO
capable,3,YES
achieving,3,NO
sandberg,3,NO
massive,3,NO
overwhelmed,3,NO
intended,3,NO
subtitles,3,NO
responded,3,NO
supermarket,3,YES
encourage,3,YES
lopoints,3,NO
somewhat,3,YES
severely,3,NO
percentage,3,YES
prospects,3,NO
conservative,3,YES
straightforward,3,YES
settled,3,NO
lasting,3,NO
feelings,3,NO
academics,3,NO
behavioral,3,NO
satisfaction,3,YES
material,3,NO
purchases,3,NO
winners,3,NO
watching,3,NO
enjoyable,3,NO
sympathetic,3,YES
enhancing,3,NO
driving,3,NO
obviously,3,NO
attractiveness,3,NO
conscious,3,YES
depressed,3,NO
knowing,3,NO
photographs,3,NO
lifestyles,3,NO
intellectual,3,YES
downturns,3,NO
attracted,3,NO
necessity,3,YES
preparing,3,NO
funding,3,NO
corresponding,3,YES
reaching,3,NO
exhibition,3,NO
embrace,3,YES
romantic,3,YES
conceptual,3,NO
created,3,NO
optimism,3,NO
perspective,3,YES
stranger,3,YES
strangers,3,NO
commuters,3,NO
pleasant,3,YES
replaced,3,NO
mysterious,3,YES
logical,3,NO
surveys,3,NO
stressed,3,NO
playing,3,NO
mothers,3,NO
recruiting,3,NO
involving,3,NO
acknowledge,3,YES
khurana,3,NO
motivated,3,NO
debates,3,NO
managers,3,NO
language,3,YES
forward,3,NO
subheading,3,NO
subheadings,3,NO
intensity,3,YES
researcher,3,YES
methods,3,NO
exposure,3,YES
instance,3,NO
conservation,3,YES
approaches,3,NO
restore,3,YES
operations,3,NO
exhausted,3,NO
inclined,3,NO
fulfilling,3,NO
bottles,3,NO
scheduling,3,NO
primary,3,YES
married,3,YES
retiring,3,NO
tougher,3,NO
steadily,3,NO
monthly,3,YES
anymore,3,NO
priority,3,YES
shouldn,3,NO
emotionally,3,NO
unemployed,3,NO
expressions,3,NO
ideology,3,NO
overlook,3,YES
switching,3,NO
academically,3,NO
helping,3,NO
anything,3,YES
dunwell,3,NO
electrical,3,YES
shortages,3,NO
electric,3,YES
mislead,3,NO
outcome,3,YES
bachelor,3,NO
cautious,3,YES
renewables,3,NO
turbines,3,NO
grocery,3,YES
messages,3,NO
addressed,3,NO
harford,3,NO
idleness,3,NO
immediate,3,NO
contact,3,YES
stability,3,YES
drought,3,NO
farmers,3,NO
actions,3,NO
desombre,3,NO
polluting,3,NO
hampson,3,NO
parenting,3,NO
addition,3,YES
candidates,3,NO
election,3,YES
outbreak,2,YES
declared,2,NO
patients,2,NO
recovery,2,YES
hospitalizations,2,NO
arrived,2,NO
september,2,NO
activity,2,YES
october,2,NO
difficulties,2,NO
infants,2,NO
criticized,2,NO
commented,2,NO
amounts,2,NO
unusual,2,YES
extreme,2,YES
relieved,2,NO
delivering,2,NO
prevalent,2,YES
principal,2,YES
initial,2,YES
sotheby,2,NO
victory,2,YES
auctioneer,2,NO
reckons,2,NO
unfashionable,2,NO
collectors,2,NO
galleries,2,NO
november,2,NO
auction,2,NO
christie,2,NO
downturn,2,NO
impressionists,2,NO
confident,2,YES
keeping,2,NO
waiting,2,NO
referred,2,NO
actively,2,NO
promoting,2,NO
talkative,2,YES
agreement,2,YES
explained,2,NO
wreaking,2,NO
divorces,2,NO
virtual,2,YES
husband,2,NO
cleaning,2,NO
arrangements,2,NO
conversational,2,NO
partners,2,NO
expectation,2,YES
stereotypical,2,NO
cartoon,2,NO
breakfast,2,YES
wanting,2,NO
motivation,2,NO
couples,2,NO
summarize,2,YES
inequalities,2,NO
perfected,2,NO
hygiene,2,NO
medicine,2,NO
procter,2,NO
unilever,2,NO
invested,2,NO
hundreds,2,NO
bottled,2,NO
advertised,2,NO
brushing,2,NO
berning,2,NO
tactics,2,YES
questionable,2,NO
washing,2,NO
basically,2,NO
necessities,2,NO
creation,2,NO
qualifications,2,NO
defendants,2,NO
represent,2,YES
democracy,2,YES
representatives,2,NO
conflicted,2,NO
persons,2,NO
intelligence,2,YES
justified,2,NO
abolished,2,NO
extended,2,NO
requirement,2,YES
unconstitutional,2,NO
ordered,2,NO
judgment,2,NO
domestic,2,YES
engagement,2,YES
centers,2,NO
solutions,2,NO
stanford,2,NO
flowing,2,NO
reduced,2,NO
propelling,2,NO
lissaman,2,NO
southern,2,YES
departing,2,NO
angeles,2,NO
francisco,2,NO
assemble,2,YES
reduction,2,YES
dioxide,2,NO
quarter,2,NO
separated,2,NO
investigate,2,NO
defence,2,NO
resistance,2,YES
sustainability,2,NO
oriented,2,NO
confusing,2,NO
translated,2,NO
exchange,2,YES
welcome,2,YES
blessing,2,NO
bringing,2,NO
navigate,2,NO
contrasts,2,NO
license,2,YES
microsoft,2,NO
ecosystem,2,NO
drivers,2,NO
proposal,2,NO
directed,2,NO
realize,2,NO
competing,2,NO
skepticism,2,NO
enthusiasm,2,NO
manageable,2,NO
goldman,2,NO
managed,2,NO
position,2,YES
advisers,2,NO
reputations,2,NO
independence,2,NO
database,2,NO
covered,2,NO
concentrated,2,NO
correlation,2,NO
subsequent,2,YES
independent,2,NO
wrongdoings,2,NO
accustomed,2,YES
scornful,2,NO
launched,2,NO
charitable,2,NO
inhabit,2,YES
troubled,2,NO
returned,2,NO
slimmer,2,NO
delivery,2,YES
distant,2,NO
healthier,2,NO
advertisers,2,NO
proportion,2,YES
newsrooms,2,NO
completeness,2,NO
subsidies,2,NO
feature,2,YES
prosperity,2,YES
returning,2,NO
restraint,2,NO
postwar,2,NO
stylish,2,NO
bauhaus,2,NO
abundance,2,YES
granted,2,NO
apartments,2,NO
elegant,2,YES
buildings,2,NO
proportions,2,NO
architectural,2,NO
abstract,2,YES
entirely,2,NO
acquired,2,NO
faithfulness,2,NO
converge,2,NO
devaluation,2,NO
disintegration,2,NO
stricter,2,NO
borrowing,2,YES
regions,2,NO
ordination,2,NO
politicians,2,NO
monetary,2,NO
eurobonds,2,NO
trading,2,NO
capital,2,NO
attempt,2,YES
intends,2,NO
guaranteed,2,NO
readily,2,YES
corresponds,2,NO
warnings,2,NO
dangers,2,NO
secretary,2,YES
promised,2,NO
outlets,2,NO
opening,2,YES
sponsorship,2,NO
addiction,2,NO
terence,2,NO
consumption,2,YES
imagined,2,NO
smoking,2,NO
respect,2,YES
alarmed,2,NO
suggesting,2,NO
candies,2,NO
change4life,2,NO
centrepiece,2,NO
criticised,2,NO
lunches,2,NO
england,2,NO
lecturing,2,NO
banning,2,NO
placement,2,NO
football,2,NO
spokesperson,2,NO
depending,2,NO
attempts,2,NO
producing,2,NO
quantities,2,NO
improvements,2,NO
monitoring,2,NO
congratulate,2,NO
liberated,2,NO
volunteer,2,YES
soldier,2,YES
equipped,2,NO
centuries,2,NO
articles,2,NO
personalities,2,NO
removed,2,NO
claiming,2,NO
neither,2,NO
emphasized,2,NO
illusions,2,NO
districts,2,NO
student,2,YES
impoverished,2,NO
completing,2,NO
equipment,2,NO
complicated,2,NO
performed,2,NO
conversely,2,NO
meaningful,2,YES
correct,2,NO
conducts,2,NO
responsible,2,NO
implied,2,NO
nowadays,2,NO
authority,2,YES
discourage,2,YES
unanswered,2,NO
rainbow,2,YES
girlhood,2,NO
innocent,2,YES
innocence,2,NO
attraction,2,YES
encoded,2,NO
neutral,2,YES
strength,2,YES
differences,2,NO
strategy,2,YES
inherently,2,NO
toddler,2,NO
historian,2,YES
evolved,2,NO
developmental,2,NO
preferred,2,NO
genders,2,NO
advised,2,NO
concluded,2,NO
understood,2,NO
biotech,2,NO
forecast,2,YES
arguments,2,NO
suppress,2,YES
innovation,2,YES
studying,2,NO
interact,2,YES
correlations,2,NO
lawyers,2,NO
patentable,2,NO
discovering,2,NO
pictures,2,NO
speaking,2,NO
beginning,2,YES
politics,2,YES
linings,2,NO
materialistic,2,NO
struggles,2,NO
benjamin,2,NO
inclusive,2,NO
freedoms,2,NO
conflict,2,YES
wachter,2,NO
beneath,2,NO
precisely,2,NO
entering,2,NO
heavier,2,NO
decreased,2,NO
universal,2,YES
victorian,2,NO
suddenly,2,NO
favorite,2,YES
broader,2,NO
classical,2,YES
greatness,2,NO
niccolo,2,NO
machiavelli,2,NO
leaders,2,NO
industrialists,2,NO
explorers,2,NO
richard,2,NO
epochal,2,NO
battles,2,NO
christopher,2,NO
dismissed,2,NO
unnecessary,2,YES
skilled,2,NO
customer,2,NO
complaint,2,NO
describe,2,NO
advantages,2,NO
predicted,2,NO
advantage,2,YES
accounts,2,NO
moreover,2,NO
imaginative,2,YES
temporary,2,YES
collect,2,YES
unnatural,2,NO
displayed,2,NO
relates,2,NO
textile,2,NO
automated,2,NO
declining,2,NO
replacing,2,NO
officially,2,NO
software,2,NO
acceleration,2,NO
illustrate,2,YES
atlantic,2,NO
permanent,2,YES
newcomers,2,NO
contributed,2,NO
recognize,2,NO
energetic,2,NO
permission,2,NO
attitudes,2,NO
legally,2,NO
responses,2,NO
milliseconds,2,NO
exclusive,2,YES
toronto,2,NO
viewing,2,NO
impulses,2,NO
subjects,2,NO
exposed,2,NO
musical,2,NO
influences,2,NO
gottman,2,NO
seconds,2,NO
historically,2,NO
assessment,2,YES
dec1s10ns,2,NO
explanation,2,YES
equality,2,NO
overwhelmingly,2,NO
considering,2,NO
frustration,2,NO
considers,2,NO
meritocratic,2,NO
promotion,2,NO
reflection,2,YES
reluctant,2,YES
balances,2,NO
earning,2,NO
council,2,YES
supermarkets,2,NO
threatening,2,NO
clearer,2,NO
sadness,2,NO
hospital,2,NO
charity,2,YES
participate,2,YES
develop,2,YES
deficiency,2,NO
stereotypes,2,NO
lottery,2,NO
fulfilment,2,NO
elizabeth,2,NO
rewarding,2,NO
counterintuitive,2,NO
fantasies,2,NO
visions,2,NO
exciting,2,YES
interesting,2,NO
memories,2,NO
connected,2,NO
commutes,2,NO
purchasing,2,NO
luxuries,2,NO
availability,2,NO
pleasure,2,NO
ambiguous,2,NO
popularity,2,YES
discusses,2,NO
pointed,2,NO
illusory,2,NO
superiority,2,YES
leadership,2,YES
nicholas,2,NO
altered,2,NO
apparent,2,YES
flattering,2,NO
profound,2,YES
viscerally,2,NO
enhancer,2,NO
paradise,2,YES
profiles,2,NO
wisconsin,2,NO
ineffective,2,NO
instinctively,2,NO
pursuits,2,NO
appetite,2,YES
argument,2,NO
scripted,2,NO
standardized,2,NO
creativity,2,NO
formula,2,YES
unexpected,2,YES
innovate,2,NO
structure,2,NO
accelerating,2,NO
involvement,2,NO
politically,2,NO
nevertheless,2,YES
osborne,2,NO
certainty,2,NO
developments,2,NO
coalition,2,NO
commitment,2,NO
pressing,2,NO
prepare,2,YES
release,2,YES
responsibilities,2,NO
sixties,2,NO
landscapes,2,NO
traditionally,2,NO
wiltshire,2,NO
avebury,2,NO
painting,2,NO
stretching,2,NO
scottish,2,NO
orientated,2,NO
outdoors,2,YES
illustrates,2,NO
reminds,2,NO
realistic,2,YES
acknowledging,2,NO
communicating,2,NO
interacting,2,NO
wortmann,2,NO
perceive,2,YES
pockets,2,NO
schroeder,2,NO
consequence,2,YES
damaske,2,NO
blurring,2,NO
division,2,NO
rewards,2,NO
infinite,2,YES
relaxation,2,NO
generated,2,NO
unrealistic,2,NO
childless,2,NO
nutrition,2,YES
adequately,2,NO
dropout,2,NO
economically,2,NO
recruit,2,YES
completed,2,NO
undergraduates,2,NO
narrowed,2,NO
resources,2,NO
insight,2,YES
offices,2,NO
spinning,2,NO
frequent,2,NO
journey,2,YES
vocabulary,2,YES
importation,2,NO
terminology,2,NO
organizations,2,NO
fulfillment,2,NO
prompting,2,NO
nonsense,2,NO
fundamentally,2,NO
overlooked,2,NO
explaining,2,NO
reference,2,YES
classified,2,NO
medicaid,2,NO
acquire,2,YES
trouble,2,NO
grateful,2,YES
furthermore,2,YES
harmful,2,YES
misunderstand,2,YES
surrounded,2,NO
possibilities,2,NO
mindset,2,NO
complaining,2,NO
familiar,2,YES
whichever,2,YES
concentrate,2,YES
volunteers,2,NO
investments,2,NO
publicly,2,NO
controlled,2,NO
emphasize,2,NO
simplify,2,YES
introductory,2,NO
assistant,2,YES
hypotheses,2,NO
transform,2,YES
programming,2,NO
schoolers,2,NO
curriculum,2,YES
languages,2,NO
relevant,2,YES
organize,2,YES
deborah,2,NO
technologies,2,NO
compete,2,YES
biologists,2,NO
formally,2,NO
environmentalists,2,NO
regulatory,2,NO
disturb,2,YES
compensate,2,YES
restoring,2,NO
rhetoric,2,NO
lininger,2,NO
listing,2,NO
acreage,2,NO
techniques,2,NO
immersive,2,NO
ritualistic,2,NO
providing,2,NO
dropping,2,NO
carrying,2,NO
generational,2,NO
strikingly,2,NO
prioritize,2,NO
defining,2,NO
priorities,2,NO
majorities,2,NO
achievements,2,NO
technician,2,YES
mortgage,2,NO
finance,2,NO
constantly,2,NO
content,2,YES
noticed,2,NO
hormones,2,NO
figuring,2,NO
schedule,2,YES
backfire,2,NO
institute,2,YES
wasteland,2,NO
leisure,2,YES
danaher,2,NO
ensuring,2,NO
uncertainty,2,NO
prediction,2,YES
substitute,2,YES
confused,2,NO
runners,2,NO
official,2,YES
grassroots,2,NO
associations,2,NO
encouraging,2,NO
testing,2,NO
nonverbal,2,NO
tension,2,YES
feedback,2,NO
oppressive,2,NO
reduces,2,NO
interaction,2,NO
widespread,2,YES
conjunction,2,NO
acclimation,2,NO
inherent,2,NO
initially,2,NO
prevent,2,NO
worthless,2,YES
freshmen,2,NO
application,2,YES
failures,2,NO
ecology,2,NO
wildfire,2,NO
expenditure,2,NO
magnifying,2,NO
conversations,2,NO
element,2,YES
expense,2,NO
simplified,2,NO
mechanism,2,YES
stenquist,2,NO
engineering,2,YES
switched,2,NO
somewhere,2,YES
unpleasant,2,NO
clicked,2,NO
electrified,2,NO
encouraged,2,NO
regardless,2,YES
deceptive,2,NO
conceal,2,YES
justify,2,YES
pioneering,2,NO
geometry,2,NO
prejudice,2,YES
vocational,2,NO
principle,2,YES
headlong,2,NO
frustrated,2,NO
obvious,2,NO
diversity,2,NO
picking,2,NO
plummeting,2,NO
electricity,2,YES
notably,2,NO
unreliable,2,NO
storage,2,YES
battery,2,NO
progressing,2,NO
impractical,2,NO
friendships,2,NO
presently,2,YES
disadvantage,2,YES
recommends,2,NO
mastering,2,NO
dedicated,2,NO
moments,2,NO
downtime,2,NO
indispensable,2,YES
operate,2,NO
unfocused,2,NO
compliment,2,YES
memorable,2,NO
fiction,2,NO
nonfiction,2,NO
wonderful,2,YES
physically,2,NO
bimonthly,2,NO
definition,2,YES
revival,2,NO
rethinking,2,NO
psychology,2,YES
transgressions,2,NO
regulate,2,YES
growers,2,NO
agriculture,2,NO
farming,2,YES
celebrities,2,NO
envirornnent,2,NO
achieved,2,NO
licensing,2,NO
collective,2,YES
mcclain,2,NO
backyard,2,NO
herriot,2,NO
composed,2,NO
consistently,2,NO
modeling,2,NO
accordingly,2,YES
extends,2,NO
robotic,2,NO
genuine,2,YES
predecessors,2,NO
globalized,2,NO
tighter,2,NO
enforcement,2,NO
pollution,2,YES
emission,2,YES
motorists,2,NO
residents,2,NO
councilors,2,NO
streets,2,NO
assuage,2,NO
michelsen,2,NO
dealing,2,NO
detected,1,NO
worldwide,1,YES
heightened,1,NO
emergency,1,YES
assembled,1,NO
severity,1,NO
margaret,1,NO
symptoms,1,NO
treatment,1,YES
mexican,1,NO
unusually,1,NO
southwestem,1,NO
seasonal,1,NO
tamiflu,1,NO
stockpile,1,YES
flumist,1,NO
pregnant,1,YES
breathing,1,NO
vaccinate,1,NO
designated,1,NO
proceeded,1,NO
activated,1,NO
prompted,1,NO
magnificent,1,YES
samples,1,NO
imparted,1,NO
immersed,1,NO
injected,1,NO
infected,1,NO
relayed,1,NO
remained,1,NO
feasible,1,YES
applicable,1,YES
presented,1,NO
restricted,1,NO
recommended,1,NO
agonies,1,NO
sufferings,1,NO
warding,1,NO
longest,1,NO
dramatic,1,YES
fetching,1,NO
brothers,1,NO
bankruptcy,1,YES
bewilderingly,1,NO
mcandrew,1,NO
founder,1,NO
economics,1,YES
generates,1,NO
controversy,1,YES
matched,1,NO
salerooms,1,NO
overheated,1,NO
guarantees,1,NO
clients,1,NO
fluctuant,1,NO
witnessed,1,NO
succession,1,YES
victories,1,NO
masterpieces,1,NO
successfully,1,NO
dramatically,1,NO
surpassed,1,NO
downward,1,NO
dealers,1,NO
awaiting,1,NO
favorites,1,NO
circulation,1,YES
representing,1,NO
fluctuation,1,YES
addressing,1,NO
gathering,1,YES
suburban,1,NO
anecdotes,1,NO
silently,1,NO
gestured,1,NO
laughter,1,YES
puzzled,1,NO
silence,1,YES
episode,1,NO
crystallizes,1,NO
sociologist,1,NO
catherine,1,NO
riessman,1,NO
tangible,1,NO
inequities,1,NO
accompany,1,YES
cooking,1,NO
foremost,1,NO
sitting,1,NO
trusting,1,NO
supporting,1,NO
generating,1,NO
exerting,1,NO
causing,1,NO
decaying,1,NO
deserves,1,NO
sociologists,1,NO
description,1,NO
introduction,1,NO
compames,1,NO
billions,1,NO
counters,1,NO
carefully,1,NO
killers,1,NO
tropical,1,NO
palmolive,1,NO
routines,1,NO
disinfecting,1,NO
fresheners,1,NO
purifiers,1,NO
whiteners,1,NO
softeners,1,NO
vitamins,1,NO
manufactured,1,NO
brushed,1,NO
campaigns,1,NO
habitually,1,NO
preventing,1,NO
beverage,1,NO
bottling,1,NO
springs,1,NO
unthinkingly,1,NO
primarily,1,YES
adolescent,1,YES
featured,1,NO
commercials,1,NO
freshener,1,NO
cleanser,1,NO
rituals,1,NO
slipped,1,NO
retired,1,NO
commercially,1,NO
habitual,1,NO
ruthless,1,YES
controversies,1,NO
erupted,1,NO
cultivated,1,NO
gradually,1,NO
indicate,1,YES
manifest,1,YES
commercial,1,YES
promotions,1,NO
advertisement,1,YES
concrete,1,YES
express10n,1,NO
literacy,1,YES
competent,1,YES
randomly,1,NO
citizen,1,YES
religion,1,YES
verdicts,1,NO
conscience,1,YES
surviving,1,NO
governing,1,NO
electing,1,NO
supposedly,1,NO
superior,1,NO
prohibited,1,NO
intentional,1,NO
strauder,1,NO
convenient,1,YES
antidiscrimination,1,NO
eligible,1,NO
exempted,1,NO
unrepresentative,1,NO
ushering,1,NO
reforms,1,NO
landmark,1,NO
louisiana,1,NO
literate,1,NO
illiterate,1,YES
inadequacy,1,NO
conflicting,1,NO
arrogance,1,NO
conform,1,YES
reforming,1,NO
discussing,1,NO
copying,1,NO
trumpeted,1,NO
respectively,1,NO
designs,1,NO
lightweight,1,NO
composites,1,NO
naturalistic,1,NO
cutting,1,NO
upwards,1,NO
wingtips,1,NO
aeronautics,1,NO
formerly,1,NO
caltech,1,NO
substantially,1,NO
modeled,1,NO
inverted,1,NO
favourable,1,NO
proceed,1,YES
coupled,1,NO
nitrogen,1,NO
cruising,1,NO
portions,1,NO
travelling,1,NO
companion,1,YES
nautical,1,NO
intimate,1,YES
groupings,1,NO
favoured,1,NO
peering,1,NO
separation,1,NO
distances,1,NO
aviation,1,YES
blueprint,1,YES
operational,1,NO
guidelines,1,NO
turbulence,1,NO
diminish,1,YES
ordinate,1,NO
destinations,1,NO
reschedule,1,NO
flights,1,NO
unsubstantiated,1,NO
skipper,1,NO
lancaster,1,NO
documented,1,NO
endured,1,NO
unsustainability,1,NO
expressed,1,NO
recalls,1,NO
boulder,1,NO
dilemma,1,YES
predictably,1,NO
miserable,1,YES
anxiety,1,YES
colleague,1,YES
reception,1,YES
subscriptions,1,NO
subscription,1,NO
countri,1,NO
affords,1,NO
explosion,1,YES
preserved,1,NO
fingerprint,1,NO
credential,1,NO
authenticate,1,NO
federation,1,YES
authenticated,1,NO
cyberspace,1,NO
neighborhoods,1,NO
streetlights,1,NO
orgamzat10ns,1,NO
transaction,1,YES
transact10ns,1,NO
trustmg,1,NO
adm1mstratlon,1,NO
activists,1,NO
applaud,1,YES
compulsory,1,YES
mentality,1,NO
greeted,1,NO
envisioned,1,NO
register,1,YES
licensed,1,NO
skipped,1,NO
careless,1,NO
lawless,1,NO
pointless,1,NO
helpless,1,YES
reminder,1,NO
compromise,1,YES
entertamment,1,NO
chained,1,NO
dismiss,1,YES
distributed,1,NO
delivered,1,NO
modernized,1,NO
caution,1,YES
delight,1,NO
protected,1,NO
incidentally,1,NO
defendable,1,NO
invisible,1,YES
january,1,NO
attracting,1,NO
payouts,1,NO
unremarked,1,NO
february,1,NO
helpful,1,YES
presumably,1,YES
proposals,1,NO
weathered,1,NO
checked,1,NO
disappearances,1,NO
probability,1,YES
subsequently,1,NO
restate,1,NO
likelihood,1,YES
lawsuit,1,NO
suggestive,1,NO
jumping,1,NO
sinking,1,NO
riskier,1,NO
avoiding,1,NO
wrongdoing,1,NO
occurred,1,NO
fulfill,1,YES
refusing,1,NO
compromises,1,NO
investors,1,NO
unbiased,1,NO
forecasters,1,NO
lawsuits,1,NO
perm1ss1ve,1,NO
chronicle,1,NO
chroniclin,1,NO
subsidize,1,NO
brazilian,1,NO
shrugged,1,NO
survived,1,NO
margins,1,NO
overboard,1,NO
editors,1,NO
newsroom,1,NO
reliance,1,YES
whirlwind,1,NO
distinctive,1,NO
reviewers,1,NO
reporters,1,NO
savagely,1,NO
refused,1,NO
subscribers,1,NO
complained,1,NO
counterparts,1,NO
revenue,1,YES
dependent,1,NO
readership,1,NO
distinctiveness,1,NO
reviews,1,NO
survival,1,YES
thrivingbusiness,1,NO
hopeless,1,NO
combination,1,YES
condition,1,NO
stimulus,1,NO
popularized,1,NO
architect,1,YES
emigrated,1,NO
designers,1,NO
signature,1,YES
decoration,1,NO
organized,1,NO
laminated,1,NO
symbolized,1,NO
sophisticated,1,YES
bedroom,1,NO
neighbors,1,NO
afforded,1,NO
spreading,1,NO
commissioned,1,NO
talented,1,NO
magazine,1,NO
homegrown,1,NO
aesthetic,1,NO
forthright,1,NO
detailing,1,NO
mispredicted,1,NO
helicopters,1,NO
sufficiency,1,NO
reflected,1,NO
practicality,1,NO
founded,1,NO
designing,1,NO
identified,1,NO
emptiness,1,NO
abundant,1,YES
decorat10n,1,NO
spacious,1,YES
neighboring,1,NO
sacrificed,1,NO
sounded,1,NO
cheerleaders,1,NO
continent,1,NO
bermuda,1,NO
triangle,1,NO
chronic,1,YES
discipline,1,YES
uncompetitive,1,NO
harmonise,1,NO
competitiveness,1,NO
sanctions,1,NO
suspension,1,NO
ministerial,1,NO
insists,1,NO
liberalism,1,NO
intervening,1,NO
redistribution,1,NO
cheaper,1,NO
transfers,1,NO
murmured,1,NO
curbing,1,NO
largest,1,NO
remarkably,1,NO
liberal,1,YES
borders,1,NO
comparable,1,YES
sharpest,1,NO
globalisation,1,NO
capitalism,1,NO
supporters,1,NO
abandon,1,YES
regarding,1,YES
pessimistic,1,YES
conceited,1,NO
hopeful,1,NO
demanding,1,NO
cigarette,1,NO
insisted,1,NO
spiraling,1,NO
diabetes,1,NO
paediatrics,1,NO
damaging,1,NO
somking,1,NO
inconceivable,1,NO
courageous,1,NO
campaigners,1,NO
central,1,NO
celebrity,1,NO
profile,1,NO
advertisements,1,NO
limiting,1,NO
billboards,1,NO
cinemas,1,NO
calorie,1,NO
cigarettes,1,NO
sponsors,1,NO
coaching,1,NO
inducements,1,NO
psychiatrists,1,NO
takeaways,1,NO
includes,1,NO
regulation,1,YES
publish,1,YES
radical,1,YES
deployed,1,NO
neighborhood,1,YES
traduced,1,NO
significantly,1,NO
globall,1,NO
produces,1,NO
ousegases,1,NO
conditioned,1,NO
monitor,1,YES
admitted,1,NO
suggestions,1,NO
foreigners,1,NO
mindless,1,NO
adventurism,1,NO
foxholes,1,NO
fiercest,1,NO
abbreviation,1,NO
palooka,1,NO
correspondent,1,YES
portrayed,1,NO
covering,1,NO
captured,1,NO
cartoons,1,NO
stripes,1,NO
maulden,1,NO
civilization,1,YES
civilians,1,NO
tobacco,1,YES
whiskey,1,NO
exhaustion,1,NO
perforn,1,NO
rebelled,1,NO
betrayed,1,NO
commodities,1,NO
properties,1,NO
implying,1,NO
symbolizing,1,NO
disguised,1,NO
disturbed,1,NO
disputed,1,NO
distinguished,1,NO
questioned,1,NO
commuted,1,NO
patrolled,1,NO
ethical,1,NO
paralleled,1,NO
counteracted,1,NO
duplicated,1,NO
contradicted,1,NO
avoided,1,NO
admired,1,NO
fragments,1,NO
terribly,1,NO
scorned,1,NO
revising,1,NO
produced,1,NO
inflexible,1,NO
mandates,1,NO
difficulty,1,YES
chaotic,1,NO
contradictory,1,NO
assigned,1,NO
essentially,1,NO
riskily,1,NO
implication,1,NO
lowered,1,NO
administrators,1,NO
counting,1,NO
empowering,1,NO
imposes,1,NO
addresses,1,NO
unimportant,1,NO
assignments,1,NO
portion,1,YES
receive,1,YES
subject,1,YES
assigning,1,NO
hearings,1,NO
receiving,1,NO
standard,1,NO
finishing,1,NO
undermine,1,YES
eliminated,1,NO
welcomed,1,NO
interpretations,1,NO
obsessed,1,NO
pervasive,1,NO
intrinsically,1,NO
celebrate,1,YES
repeatedly,1,YES
appearance,1,YES
presents,1,NO
despaired,1,NO
singular,1,NO
unavoidable,1,NO
somehow,1,YES
paoletti,1,NO
dresses,1,NO
nursery,1,YES
masculine,1,NO
intimations,1,NO
constancy,1,NO
symbolised,1,NO
femininity,1,NO
amplifying,1,NO
realised,1,NO
profoundly,1,NO
dictated,1,NO
beliefs,1,NO
consumerism,1,YES
popularised,1,NO
publications,1,NO
counselled,1,NO
stepping,1,NO
broadly,1,NO
splitting,1,NO
easiest,1,NO
segment,1,YES
magnify,1,YES
ofimagination,1,NO
representation,1,NO
regarded,1,NO
symbolising,1,NO
researches,1,NO
classify,1,YES
businessmen,1,NO
unpatentable,1,NO
violently,1,NO
agitated,1,NO
biotechnology,1,NO
assured,1,NO
preliminary,1,YES
overturned,1,NO
genetics,1,NO
personalised,1,NO
critics,1,NO
monopolies,1,NO
arguing,1,NO
molecule,1,NO
sequencing,1,NO
violates,1,NO
molecules,1,NO
efficacy,1,NO
connecting,1,NO
convention,1,YES
sessions,1,NO
shifting,1,NO
establishing,1,NO
identifying,1,NO
authoritative,1,NO
conventions,1,NO
joblessness,1,NO
ultimately,1,NO
disaster,1,NO
improved,1,NO
prudent,1,YES
reckless,1,NO
periods,1,NO
stagnation,1,NO
spirited,1,NO
reversed,1,NO
typically,1,NO
reinforce,1,YES
divides,1,NO
decrease,1,NO
economist,1,NO
columbia,1,NO
graduated,1,NO
resentment,1,NO
discerning,1,NO
affecting,1,NO
variety,1,YES
prudence,1,NO
reconsider,1,NO
recessions,1,NO
conflicts,1,NO
recover,1,YES
trivial,1,YES
accomplished,1,NO
forefathers,1,NO
empathy,1,NO
inspiration,1,YES
earliest,1,NO
renaissance,1,NO
recounting,1,NO
exemplary,1,NO
rambling,1,NO
illustribus,1,NO
highlighting,1,NO
celebrated,1,NO
conquering,1,NO
biographical,1,NO
championed,1,NO
cunning,1,YES
ruthlessness,1,NO
boldness,1,NO
uniqueness,1,NO
attributes,1,NO
romantics,1,NO
commemorated,1,NO
painters,1,NO
stressing,1,NO
catalogue,1,NO
furnish,1,NO
resolute,1,YES
steadfast,1,NO
integrity,1,YES
issuing,1,NO
exhibit,1,NO
arkwright,1,NO
wedgwood,1,NO
beacons,1,NO
bourgeois,1,NO
cromwell,1,NO
napoleon,1,NO
bonaparte,1,NO
represented,1,NO
acknowledged,1,NO
possessing,1,NO
mortals,1,NO
bombast,1,NO
hitherto,1,NO
communist,1,NO
manifesto,1,NO
possessed,1,NO
immense,1,YES
realities,1,NO
contexts,1,NO
transmitted,1,NO
revolutionised,1,NO
appreciation,1,NO
nurtured,1,NO
thompson,1,NO
hobsbawm,1,NO
scholars,1,NO
unpicked,1,NO
multiplicity,1,NO
societies,1,NO
transformed,1,NO
downstairs,1,YES
fascinating,1,NO
upstairs,1,YES
highlighted,1,NO
depicted,1,NO
migration,1,NO
brightest,1,NO
silicon,1,NO
privilege,1,YES
emigrate,1,YES
households,1,NO
emigrants,1,NO
indians,1,NO
bothered,1,NO
policymakers,1,NO
depriving,1,NO
dictionary,1,NO
electronically,1,NO
predictions,1,NO
fruition,1,NO
revolutionize,1,NO
movement,1,YES
disappearance,1,NO
telecommunications,1,NO
networks,1,NO
receipts,1,NO
unwilling,1,YES
meantime,1,YES
unauthorized,1,NO
occurrence,1,YES
marketers,1,NO
thereby,1,YES
violating,1,NO
borrowed,1,NO
withdrawn,1,NO
analyzed,1,NO
uncommon,1,NO
prevention,1,NO
manipulation,1,NO
justification,1,NO
stubbornly,1,NO
incomes,1,NO
robotics,1,NO
contribution,1,YES
disappeared,1,NO
ensures,1,NO
alleviation,1,NO
shrinkage,1,NO
quotation,1,NO
disappearing,1,NO
settlers,1,NO
sojourners,1,NO
intention,1,YES
departed,1,NO
italian,1,NO
affectionate,1,NO
nickname,1,NO
uccelli,1,NO
passaggio,1,NO
framework,1,NO
mightily,1,NO
paralysis,1,NO
definitions,1,NO
pickers,1,NO
violinists,1,NO
entrepreneurs,1,NO
physicists,1,NO
straddle,1,NO
jurisdictions,1,NO
committing,1,NO
staying,1,NO
nations,1,NO
honorably,1,NO
accommodating,1,NO
outcomes,1,NO
immigrate,1,NO
overseas,1,NO
loosened,1,NO
adapted,1,NO
treated,1,NO
faithful,1,YES
overreactions,1,NO
defense,1,YES
mechanisms,1,NO
accurately,1,NO
preferably,1,NO
complex,1,NO
personality,1,YES
neuroticism,1,NO
mindedness,1,NO
unconsciously,1,NO
impatience,1,NO
flashes,1,NO
overreact,1,NO
options,1,NO
smiling,1,NO
applicants,1,NO
reliably,1,NO
invites,1,NO
retreat,1,YES
evaluation,1,NO
pausing,1,NO
differentiates,1,NO
intermittently,1,NO
contemplating,1,NO
temptation,1,YES
predetermine,1,NO
accuracy,1,YES
complexity,1,NO
react10n,1,NO
associative,1,NO
unconscious,1,YES
impression,1,YES
gattman,1,NO
adequate,1,YES
sensible,1,YES
reversing,1,NO
doubtful,1,NO
mandate,1,NO
viviane,1,NO
membership,1,NO
binding,1,NO
provisions,1,NO
reluctance,1,NO
counter,1,YES
meritocracy,1,NO
obstacles,1,NO
evading,1,NO
caregivers,1,NO
newsworthy,1,NO
anticipate,1,YES
objectiveness,1,NO
approval,1,YES
headlines,1,NO
subtitle,1,NO
peasant,1,YES
shopkeepers,1,NO
chronicles,1,NO
communications,1,NO
restaurants,1,NO
validation,1,NO
fielding,1,NO
blogging,1,NO
cheaply,1,NO
economical,1,YES
foodies,1,NO
ingredients,1,NO
template,1,NO
laughing,1,NO
embarrassment,1,NO
greengrocer,1,NO
rashers,1,NO
chiller,1,NO
proudly,1,NO
freezer,1,NO
leftovers,1,NO
wastage,1,NO
surplus,1,YES
vegetables,1,NO
vegetable,1,YES
butchers,1,NO
sellers,1,NO
knuckles,1,NO
carcasses,1,NO
pennies,1,NO
restaurant,1,YES
michelin,1,NO
starred,1,NO
arbutus,1,NO
instantly,1,NO
absorbs,1,NO
grandfather,1,NO
broadway,1,NO
classmates,1,NO
thinner,1,NO
diseases,1,NO
calcium,1,NO
elderly,1,YES
moderately,1,NO
numencal,1,NO
collegiate,1,NO
players,1,NO
disgrace,1,YES
laziness,1,NO
professionals,1,NO
teasing,1,NO
stimulated,1,NO
instituted,1,NO
initiatives,1,NO
michelle,1,NO
visibility,1,NO
doubted,1,NO
ensured,1,NO
protective,1,NO
troublesome,1,YES
likewise,1,YES
indicator,1,NO
relevance,1,NO
assistance,1,YES
modifies,1,NO
essence,1,YES
variable,1,YES
qualify,1,YES
changeable,1,NO
pictured,1,NO
imitated,1,NO
monitored,1,NO
combined,1,NO
despised,1,NO
corrected,1,NO
grounded,1,NO
mackenzie,1,NO
florida,1,NO
undivided,1,NO
jackpot,1,NO
michael,1,NO
extravagant,1,NO
stories,1,NO
shorten,1,YES
television,1,YES
whopping,1,NO
jollier,1,NO
pleasurable,1,NO
oneself,1,YES
sparingly,1,NO
restricts,1,NO
sandwich,1,YES
obsession,1,NO
privileged,1,NO
wealthier,1,NO
scarcity,1,NO
mandating,1,NO
holiday,1,NO
homebuyers,1,NO
believing,1,NO
1rrat10nal,1,NO
worthwhile,1,YES
lotteries,1,NO
reasonable,1,YES
empirical,1,NO
naturally,1,NO
amassed,1,NO
statistical,1,YES
impossibilities,1,NO
affirming,1,NO
defensive,1,NO
behavioural,1,NO
oversaw,1,NO
enhancement,1,NO
versions,1,NO
occurring,1,NO
intuitively,1,NO
deliberation,1,NO
falsely,1,NO
genuinely,1,NO
doctored,1,NO
insecurities,1,NO
corresponded,1,NO
markers,1,NO
delusion,1,NO
recognise,1,NO
intellect,1,NO
catalina,1,NO
madison,1,NO
portray,1,YES
idealised,1,NO
ratings,1,NO
unrealistically,1,NO
baseless,1,NO
matching,1,NO
intuitive,1,NO
msecuntles,1,NO
depressions,1,NO
oversimplify,1,NO
aggressively,1,NO
withhold,1,NO
unflattering,1,NO
industrial,1,YES
acutely,1,NO
fragile,1,YES
recoveries,1,NO
outmoded,1,NO
insatiable,1,NO
restructure,1,NO
foresee,1,NO
improvement,1,NO
tightly,1,NO
reinvent,1,NO
relying,1,NO
predictable,1,NO
touched,1,NO
reframe,1,NO
augment,1,NO
institutions,1,NO
highlight,1,YES
provoke,1,YES
outmode,1,NO
diminishing,1,NO
discussed,1,NO
predictability,1,NO
efficiently,1,NO
conomic,1,NO
stimulate,1,YES
innovat10ns,1,NO
contributing,1,NO
railways,1,NO
broadband,1,NO
shoulder,1,YES
unicating,1,NO
multibillion,1,NO
charged,1,NO
comprehensive,1,YES
rectify,1,YES
prejudices,1,NO
indications,1,NO
minister,1,NO
chancellor,1,NO
exchequer,1,NO
increasing,1,NO
returns,1,NO
shoulders,1,NO
suffered,1,NO
mferred,1,NO
implement,1,YES
emerging,1,NO
seventies,1,NO
installation,1,YES
confines,1,NO
portraying,1,NO
substance,1,YES
counterpart,1,YES
typified,1,NO
domestically,1,NO
quirkier,1,NO
consist,1,YES
embodiment,1,NO
obscure,1,YES
objects,1,NO
purplish,1,NO
portishead,1,NO
rarefied,1,NO
comprising,1,NO
recreated,1,NO
sections,1,NO
commonplaceness,1,NO
characterises,1,NO
hilliard,1,NO
stroller,1,NO
variously,1,NO
unwittingly,1,NO
assaulted,1,NO
sequence,1,YES
gravitating,1,NO
permeated,1,NO
escapism,1,NO
wordsworth,1,NO
walking,1,NO
consists,1,NO
mileage,1,NO
modestly,1,NO
imposing,1,NO
origins,1,NO
paintings,1,NO
constable,1,NO
originates,1,NO
depicts,1,NO
ordinary,1,YES
embodies,1,NO
endlessly,1,NO
perpetually,1,NO
cheerfulness,1,NO
recommend,1,YES
optimists,1,NO
exercises,1,NO
reconstruction,1,NO
analyzes,1,NO
apartment,1,NO
unbearable,1,YES
standing,1,NO
protection,1,YES
rejection,1,NO
disruptive,1,NO
acquaintances,1,NO
uneasiness,1,NO
blanket,1,NO
glasses,1,NO
smartphones,1,NO
juliana,1,NO
unthinkable,1,NO
summarizes,1,NO
embarrassed,1,NO
station,1,YES
reportedly,1,NO
absolute,1,YES
connections,1,NO
plugged,1,NO
misapplied,1,NO
misinterpreted,1,NO
misadjusted,1,NO
mismatched,1,NO
delayed,1,NO
unreasonable,1,YES
ungrateful,1,NO
unconventional,1,NO
unfamiliar,1,NO
violent,1,YES
negotiation,1,YES
trainees,1,NO
whereas,1,YES
cortisol,1,NO
contradicting,1,NO
conventional,1,YES
nonparents,1,NO
measure,1,YES
workday,1,NO
adjustments,1,NO
bargain,1,YES
sustaining,1,NO
clarity,1,NO
clinically,1,NO
methodically,1,NO
inadequate,1,YES
teenagers,1,NO
removal,1,YES
motivate,1,YES
measurement,1,YES
happiest,1,NO
fathers,1,NO
kicking,1,NO
housewives,1,NO
differs,1,NO
rewarded,1,NO
motivating,1,NO
paradox,1,YES
continued,1,NO
reproduce,1,YES
depressing,1,NO
forthcoming,1,NO
journal,1,NO
outlines,1,NO
unnamed,1,NO
recipients,1,NO
intervention,1,NO
lacking,1,NO
disadvantages,1,NO
ecru1tmg,1,NO
solvable,1,NO
costless,1,NO
generat10n,1,NO
inexperienced,1,NO
ofresources,1,NO
greatly,1,NO
brained,1,NO
parachuted,1,NO
mission,1,YES
objectives,1,NO
coincidence,1,YES
dominated,1,NO
explicitly,1,NO
coaches,1,NO
allegiance,1,NO
religious,1,YES
offline,1,NO
bandwidth,1,NO
boundaries,1,NO
willingly,1,NO
linguist,1,NO
defines,1,NO
strategic,1,NO
onented,1,NO
closely,1,NO
incidents,1,NO
athletic,1,NO
loyalty,1,YES
passionate,1,NO
workaholics,1,NO
triggers,1,NO
mommies,1,NO
praises,1,NO
linguists,1,NO
voluntarily,1,NO
distinction,1,YES
direction,1,YES
departinent,1,NO
purposes,1,NO
exchanges,1,NO
satisfies,1,NO
precondition,1,NO
classification,1,YES
overcome,1,YES
grieving,1,NO
friendship,1,YES
inopportune,1,NO
mourning,1,NO
signaling,1,NO
barriers,1,NO
exaggerating,1,NO
luxuriant,1,NO
weighed,1,NO
poisoning,1,NO
fortunate,1,YES
dearest,1,NO
nearest,1,NO
companionship,1,NO
relatives,1,NO
encouragement,1,YES
objectivity,1,NO
external,1,YES
devalue,1,YES
incapable,1,YES
commute,1,YES
concentration,1,NO
scenery,1,YES
travelled,1,NO
allocate,1,YES
afterwards,1,NO
shorter,1,NO
briefly,1,NO
located,1,NO
inclination,1,NO
polling,1,NO
correlated,1,NO
indicators,1,NO
accounting,1,YES
codified,1,NO
plausible,1,YES
conclusion,1,YES
individualism,1,NO
realism,1,NO
modernism,1,NO
invented,1,NO
unfortunate,1,YES
overtaxed,1,NO
headquartered,1,NO
overstate,1,NO
reputable,1,NO
resumed,1,NO
attribute,1,YES
transfer,1,YES
compare,1,YES
civilized,1,NO
arrives,1,NO
strikes,1,NO
rediscover,1,NO
carnegie,1,NO
beneficial,1,YES
endless,1,NO
letters,1,NO
processes,1,NO
breaking,1,NO
bootcamps,1,NO
victoria,1,NO
instructor,1,NO
turnover,1,YES
logically,1,NO
consultant,1,YES
carolina,1,NO
remodel,1,NO
formulate,1,YES
expenence,1,NO
backgrounds,1,NO
upgraded,1,NO
digitalized,1,NO
programmers,1,NO
persuade,1,YES
frighten,1,NO
misguide,1,NO
estimate,1,YES
chickens,1,NO
grasslands,1,NO
midwestem,1,NO
southwestern,1,NO
occupying,1,NO
historic,1,YES
designate,1,YES
endangered,1,NO
potentially,1,NO
confrontational,1,NO
forging,1,NO
collaborations,1,NO
estimated,1,NO
prosecute,1,NO
unintentionally,1,NO
negotiated,1,NO
destroyed,1,NO
interim,1,NO
populations,1,NO
enviromnentalists,1,NO
extinction,1,NO
biologist,1,NO
drastically,1,NO
grassland,1,NO
insistence,1,NO
governmental,1,NO
unintentional,1,NO
prosecuted,1,NO
monitoringjob,1,NO
mournfully,1,NO
thornier,1,NO
flywheel,1,NO
novelist,1,NO
unication,1,NO
interrupted,1,NO
interruption,1,NO
obtained,1,NO
resource,1,NO
maximised,1,NO
instnunentally,1,NO
depends,1,NO
inefficiency,1,NO
goallessness,1,NO
wasting,1,NO
unstoppable,1,NO
conveyor,1,NO
default,1,NO
surface,1,YES
repetitive,1,NO
metaphor,1,NO
carefree,1,NO
promptly,1,NO
extensively,1,NO
backdrop,1,NO
drastic,1,YES
milestones,1,NO
constitutes,1,NO
aftermath,1,NO
searing,1,NO
signpost,1,NO
securing,1,NO
struggled,1,NO
retirement,1,YES
profitable,1,NO
occupation,1,YES
marital,1,YES
childcare,1,NO
established,1,NO
overthink,1,NO
pleased,1,NO
pursuing,1,NO
therapy,1,YES
effectively,1,NO
grownups,1,NO
dictate,1,NO
behaviours,1,NO
suppressing,1,NO
appropriately,1,NO
christmases,1,NO
youngest,1,NO
stepdaughter,1,NO
superman,1,NO
christmas,1,NO
overjoyed,1,NO
indulge,1,YES
silliness,1,NO
giggling,1,NO
endorphins,1,NO
infection,1,NO
grownup,1,NO
diaries,1,NO
sporting,1,NO
dancing,1,NO
alcohol,1,YES
philosopher,1,YES
striving,1,NO
byproduct,1,YES
contain,1,YES
carries,1,NO
overload,1,NO
rationally,1,NO
selective,1,NO
accumulate,1,YES
contest,1,YES
speculated,1,NO
act1v1sts,1,NO
wealthy,1,YES
mutually,1,NO
purposelessness,1,NO
mortality,1,NO
agonizing,1,NO
dullness,1,NO
overblown,1,NO
degrading,1,NO
lecturer,1,NO
ireland,1,NO
counterbalance,1,NO
reserved,1,NO
boasting,1,NO
denying,1,NO
instability,1,YES
unreliability,1,NO
guideline,1,NO
resolution,1,YES
characterized,1,NO
statistically,1,NO
downsides,1,NO
exclude,1,YES
hardship,1,NO
qualities,1,NO
starved,1,NO
saturday,1,NO
inspired,1,NO
staffed,1,NO
grandparents,1,NO
baddeley,1,NO
succeeding,1,NO
olympiad,1,NO
documents,1,NO
pledged,1,NO
couches,1,NO
retrospections,1,NO
inspire,1,YES
competitor,1,YES
welcomes,1,NO
anybody,1,NO
clapped,1,NO
shining,1,NO
bidders,1,NO
athletes,1,NO
intimidating,1,NO
netball,1,NO
provision,1,YES
successive,1,YES
presided,1,NO
squeezing,1,NO
strengthened,1,NO
festival,1,NO
participation,1,NO
talents,1,NO
focuses,1,NO
elitism,1,NO
supervise,1,YES
uncertam,1,NO
maximal,1,NO
disengage,1,NO
studied,1,NO
tablets,1,NO
mealtimes,1,NO
separate,1,YES
excited,1,YES
unresponsive,1,NO
absorbed,1,NO
disconcerting,1,NO
devised,1,NO
expression,1,YES
distressed,1,NO
capture,1,YES
exquisitely,1,NO
responsive,1,NO
worries,1,NO
fantasised,1,NO
neglecting,1,NO
distracts,1,NO
insensitive,1,NO
attentive,1,NO
condemn,1,YES
perpetuated,1,NO
graduate,1,YES
lucrative,1,NO
misconceptions,1,NO
enhances,1,NO
pulling,1,NO
adjusting,1,NO
blunders,1,NO
statistics,1,YES
mandatory,1,NO
applications,1,NO
credits,1,NO
nursing,1,NO
misleading,1,NO
pressures,1,NO
adaptation,1,NO
motlvat10n,1,NO
adilemma,1,NO
frequency,1,NO
specialist,1,YES
watershed,1,NO
nationwide,1,NO
redirect,1,NO
warming,1,NO
equation,1,NO
unleashed,1,NO
colorado,1,NO
disconnected,1,NO
unprecedented,1,NO
damaged,1,NO
redirection,1,NO
guarantee,1,YES
admitting,1,NO
mentions,1,NO
maximize,1,NO
interrelat10ns,1,NO
refrain,1,YES
defending,1,NO
grappling,1,NO
outsourcing,1,NO
boomers,1,NO
wolverine,1,NO
plucked,1,NO
juniors,1,NO
transformers,1,NO
welding,1,NO
cofounded,1,NO
enrolled,1,NO
worktable,1,NO
transformer,1,NO
flustered,1,NO
arrival,1,NO
visitors,1,NO
telling,1,NO
michigan,1,NO
misplaced,1,NO
appearing,1,NO
montcalm,1,NO
mcdonalds,1,NO
overtime,1,YES
manufacture,1,YES
publishing,1,NO
secondary,1,YES
realized,1,NO
applying,1,NO
journalism,1,NO
favourite,1,NO
williams,1,NO
invitation,1,YES
reveals,1,NO
willingness,1,NO
participant,1,YES
claimed,1,NO
incurred,1,NO
fingernails,1,NO
reproduced,1,NO
chalkboard,1,NO
disgusting,1,NO
instinct,1,YES
imagining,1,NO
endeavor,1,YES
resolve,1,YES
discuss,1,YES
interrupt,1,YES
disappear,1,YES
forgive,1,YES
withdrawal,1,YES
persistence,1,NO
inquiry,1,YES
diligence,1,NO
evident,1,YES
pretend,1,YES
limitations,1,NO
curious,1,YES
stephen,1,NO
teacher,1,YES
hampshire,1,NO
memorization,1,NO
utterly,1,NO
forcing,1,NO
graffitied,1,NO
discarded,1,NO
assembling,1,NO
bicycle,1,NO
insidious,1,NO
inferiority,1,NO
stereotype,1,NO
viewpoint,1,YES
evolution,1,YES
evaporated,1,NO
rightfully,1,NO
devaluing,1,NO
vanishing,1,NO
staring,1,NO
manchester,1,NO
overlooking,1,NO
mechamcal,1,NO
memonzat10n,1,NO
stereotyped,1,NO
mot1vat10n,1,NO
disadvantaged,1,NO
privileges,1,NO
overvaluing,1,NO
generate,1,YES
belongs,1,NO
farsighted,1,NO
cleaner,1,NO
dropped,1,NO
scotland,1,NO
remarkable,1,YES
accounted,1,NO
administration,1,YES
underlined,1,NO
skeptics,1,NO
batteries,1,NO
vehicle,1,YES
powered,1,NO
spiking,1,NO
speeding,1,NO
slowing,1,NO
washington,1,NO
alternative,1,YES
stabilizing,1,NO
extensive,1,YES
investing,1,NO
boosted,1,NO
continuous,1,YES
sustainable,1,NO
exploitation,1,NO
competitive,1,YES
ambition,1,YES
astonishing,1,NO
upmarket,1,NO
messaging,1,NO
intricate,1,YES
enormously,1,NO
revealing,1,NO
journalist,1,NO
theresa,1,NO
currently,1,NO
plotting,1,NO
purchased,1,NO
imbalances,1,NO
remedied,1,NO
vanished,1,NO
marketplace,1,NO
dominate,1,YES
entertainment,1,NO
convert,1,YES
honeydew,1,NO
predatory,1,NO
spammers,1,NO
inboxes,1,NO
linking,1,NO
disputes,1,NO
imbalance,1,NO
analogy,1,NO
premium,1,YES
distracted,1,NO
distraction,1,NO
retreats,1,NO
journalistic,1,NO
seizing,1,NO
interruptions,1,NO
scheduled,1,NO
calendar,1,YES
appointment,1,YES
rethink,1,NO
prioritise,1,NO
disorder,1,YES
structured,1,NO
execution,1,NO
demotivated,1,NO
improvisation,1,NO
vacation,1,NO
indulgence,1,YES
vitamin,1,NO
paradoxically,1,NO
psychiatry,1,NO
productivity,1,YES
realise,1,YES
unfocus,1,NO
circuits,1,NO
schedules,1,NO
fruitful,1,YES
contributor,1,YES
accomplishing,1,NO
eliminating,1,NO
honestly,1,NO
surprised,1,NO
outwards,1,NO
pouring,1,NO
canmultitask,1,NO
communicate,1,YES
wholeheartedly,1,NO
forgotten,1,NO
awkward,1,YES
investor,1,NO
amazing,1,NO
assignment,1,YES
occupations,1,NO
astronaut,1,NO
selects,1,NO
encyclopedias,1,NO
passionately,1,NO
revealed,1,NO
chooses,1,NO
avenues,1,NO
apologize,1,YES
fluctuations,1,NO
focusing,1,NO
accurate,1,YES
altering,1,NO
observe,1,NO
caloric,1,NO
wonders,1,NO
besides,1,YES
recording,1,NO
lowering,1,NO
accepting,1,NO
depiction,1,NO
distribution,1,YES
orderly,1,YES
precise,1,YES
judgments,1,NO
approve,1,YES
request,1,YES
disappointing,1,NO
restricting,1,NO
consuming,1,NO
obsessing,1,NO
dominating,1,NO
puzzling,1,NO
triumphing,1,NO
emerges,1,NO
appease,1,NO
consciences,1,NO
uncomfortable,1,NO
wearing,1,NO
weighted,1,NO
outdated,1,NO
amrisha,1,NO
advantageous,1,NO
jealousy,1,NO
goodness,1,NO
relationships,1,NO
cooperative,1,YES
pathways,1,NO
shortfall,1,NO
nastier,1,NO
caregiver,1,NO
assessments,1,NO
observations,1,NO
chocolate,1,NO
anonymous,1,NO
magically,1,NO
deprivation,1,NO
prosocial,1,NO
intensify,1,NO
burdensome,1,NO
addictive,1,NO
inexcusable,1,NO
awareness,1,NO
constructive,1,NO
emotion,1,NO
opposing,1,NO
deficiencies,1,NO
teachings,1,NO
restnct10ns,1,NO
hastening,1,NO
thankfully,1,NO
striking,1,YES
flourish,1,YES
remaining,1,NO
moisture,1,YES
rendered,1,NO
burnable,1,NO
financed,1,NO
proceeds,1,NO
biofuel,1,NO
transportation,1,YES
biofuels,1,NO
watersheds,1,NO
recreation,1,NO
storing,1,NO
finalized,1,NO
governor,1,NO
preserve,1,YES
absorbing,1,NO
endeavors,1,NO
cultivate,1,YES
resistant,1,YES
density,1,YES
overhaul,1,NO
obstructed,1,NO
undocumented,1,NO
predominantly,1,NO
migrating,1,NO
debated,1,NO
implausible,1,NO
mechanization,1,NO
soybeans,1,NO
mechanized,1,NO
intensive,1,YES
strawberries,1,NO
milking,1,NO
requests,1,NO
sharply,1,NO
doubled,1,NO
numerical,1,YES
nonagricultural,1,NO
cumbersome,1,NO
bureaucratic,1,NO
compounded,1,NO
underground,1,YES
imported,1,NO
mobility,1,NO
granting,1,NO
duration,1,YES
tightened,1,NO
adm1ss10ns,1,NO
manpower,1,NO
schwarzenegger,1,NO
grenier,1,NO
starring,1,NO
staples,1,NO
cutlery,1,NO
overarching,1,NO
quitting,1,NO
detrimental,1,NO
satisfying,1,NO
centered,1,NO
ignoring,1,NO
sustainably,1,NO
systemic,1,NO
wellesley,1,NO
collectively,1,NO
structural,1,NO
implementing,1,NO
environmentally,1,NO
problematic,1,NO
altogether,1,YES
incentive,1,YES
recycling,1,NO
disposal,1,YES
progressive,1,YES
engaged,1,NO
disclose,1,YES
accomplishment,1,YES
pointing,1,NO
welfare,1,YES
exercising,1,NO
arrangement,1,NO
concludes,1,NO
aggressive,1,YES
inconsistent,1,NO
rational,1,YES
esponding,1,NO
camille,1,NO
youngsters,1,NO
heavily,1,YES
proclivity,1,NO
ownership,1,YES
clinical,1,NO
removes,1,NO
jaroszewski,1,NO
gagliardo,1,NO
associates,1,NO
regards,1,NO
proximity,1,NO
attorney,1,YES
clarita,1,NO
emphasis,1,NO
fantastic,1,YES
riverside,1,NO
seriously,1,YES
desires,1,NO
analyst,1,NO
fitsmallbusiness,1,NO
tomorrow,1,YES
contingent,1,NO
customize,1,NO
remarks,1,NO
advises,1,NO
assumes,1,NO
readable,1,NO
polished,1,NO
practicing,1,NO
disappointments,1,NO
rejections,1,NO
undoubtedly,1,YES
sibling,1,NO
fatigue,1,YES
inadvertently,1,NO
emot10nal,1,NO
incredibly,1,NO
stressful,1,NO
tedious,1,YES
instructive,1,NO
accident,1,YES
fortunately,1,NO
illogical,1,NO
suspicious,1,YES
reflect,1,YES
cheated,1,NO
defeated,1,NO
confronted,1,NO
terrible,1,YES
withdraw,1,YES
directios,1,NO
attuned,1,NO
cooperate,1,YES
minimalist,1,NO
resembling,1,NO
chunkier,1,NO
colorful,1,NO
markings,1,NO
forwards,1,NO
backwards,1,NO
perceived,1,NO
communal,1,NO
exploring,1,NO
remembering,1,NO
reciprocal,1,NO
reciprocity,1,NO
readiness,1,NO
befriend,1,NO
resembled,1,NO
queensland,1,NO
similarly,1,NO
fascinated,1,NO
distinguish,1,YES
hostile,1,YES
fellows,1,NO
differentiate,1,YES
adaptable,1,NO
surroundings,1,YES
socializing,1,NO
varying,1,NO
estimates,1,NO
corporation,1,YES
dynamic,1,YES
elements,1,NO
relative,1,YES
boggling,1,NO
ripping,1,NO
rigorous,1,YES
principally,1,NO
salaries,1,NO
insider,1,NO
depredation,1,NO
teamwork,1,YES
continual,1,YES
repeated,1,NO
confirm,1,YES
overpaid,1,NO
suspended,1,NO
martinez,1,NO
almeida,1,NO
overruled,1,NO
levying,1,NO
ordering,1,NO
reinstated,1,NO
weaknesses,1,NO
contentious,1,NO
inevitably,1,NO
cheating,1,NO
reversal,1,NO
happening,1,NO
mayoral,1,NO
circular,1,YES
intense,1,YES
useless,1,YES
safeguard,1,YES
attacks,1,NO
strokes,1,NO
premature,1,NO
dementia,1,NO
untimely,1,NO
enforce,1,YES
compliance,1,NO
minimise,1,NO
opposed,1,NO
extension,1,YES
electoral,1,NO
upgrade,1,YES
supervision,1,NO
commonly,1,NO
cubicles,1,NO
adjective,1,NO
catchwords,1,NO
counselors,1,NO
pragmatists,1,NO
impressionable,1,NO
savings,1,NO
booming,1,NO
underlying,1,YES
trillion,1,NO
reserve,1,YES
accenture,1,NO
seniors,1,NO
georgia,1,NO
employer,1,YES
inspiring,1,NO
serving,1,NO
outhsight,1,NO
manager,1,YES
troubles,1,NO
recognized,1,NO
abilities,1,NO
counselor,1,NO
adventurous,1,NO
diligent,1,YES
compliments,1,NO
yourselves,1,YES
perfectly,1,NO
observers,1,NO
upfront,1,NO
trustworthiness,1,NO
studiously,1,NO
receptive,1,NO
rushing,1,NO
prioritizing,1,NO
cubicle,1,NO
confidant,1,NO
horizons,1,NO
network,1,NO
exceptional,1,YES
engender,1,NO
possibly,1,YES
somebody,1,YES
coworker,1,NO
verbalize,1,NO
digging,1,NO
desired,1,NO
impossible,1,YES
incredible,1,YES
